{"1.jpg12343":{"filename":"1.jpg","size":12343,"regions":[{"shape_attributes":{"name":"circle","cx":116,"cy":110,"r":86},"region_attributes":{"name":"home"}}],"file_attributes":{}},"2.jpg12343":{"filename":"2.jpg","size":12343,"regions":[{"shape_attributes":{"name":"circle","cx":117,"cy":109,"r":87},"region_attributes":{"name":"home"}}],"file_attributes":{}},"3.jpg6999":{"filename":"3.jpg","size":6999,"regions":[{"shape_attributes":{"name":"circle","cx":66,"cy":59,"r":52},"region_attributes":{"name":"home"}}],"file_attributes":{}},"4.jpg11381":{"filename":"4.jpg","size":11381,"regions":[{"shape_attributes":{"name":"circle","cx":106,"cy":100,"r":83},"region_attributes":{"name":"home"}}],"file_attributes":{}},"5.jpg18779":{"filename":"5.jpg","size":18779,"regions":[{"shape_attributes":{"name":"circle","cx":150,"cy":152,"r":116},"region_attributes":{"name":"home"}}],"file_attributes":{}},"6.jpg18779":{"filename":"6.jpg","size":18779,"regions":[{"shape_attributes":{"name":"circle","cx":155,"cy":161,"r":108},"region_attributes":{"name":"home"}}],"file_attributes":{}},"7.jpg18719":{"filename":"7.jpg","size":18719,"regions":[{"shape_attributes":{"name":"circle","cx":141,"cy":146,"r":103},"region_attributes":{"name":"home"}}],"file_attributes":{}},"8.jpg5155":{"filename":"8.jpg","size":5155,"regions":[{"shape_attributes":{"name":"circle","cx":48,"cy":53,"r":42},"region_attributes":{"name":"home"}}],"file_attributes":{}},"9.jpg9250":{"filename":"9.jpg","size":9250,"regions":[{"shape_attributes":{"name":"circle","cx":74,"cy":72,"r":66.189},"region_attributes":{"name":"home"}}],"file_attributes":{}},"10.jpg7248":{"filename":"10.jpg","size":7248,"regions":[{"shape_attributes":{"name":"circle","cx":154,"cy":164,"r":112},"region_attributes":{"name":"home"}},{"shape_attributes":{"name":"circle","cx":153,"cy":162,"r":116.155},"region_attributes":{}}],"file_attributes":{}},"11.jpg5173":{"filename":"11.jpg","size":5173,"regions":[{"shape_attributes":{"name":"circle","cx":84,"cy":100,"r":73},"region_attributes":{"name":"home"}}],"file_attributes":{}},"12.jpg7818":{"filename":"12.jpg","size":7818,"regions":[{"shape_attributes":{"name":"circle","cx":172,"cy":164,"r":140},"region_attributes":{"name":"home"}}],"file_attributes":{}},"13.jpg5448":{"filename":"13.jpg","size":5448,"regions":[{"shape_attributes":{"name":"circle","cx":160,"cy":151,"r":100},"region_attributes":{"name":"home"}}],"file_attributes":{}},"14.jpg10477":{"filename":"14.jpg","size":10477,"regions":[{"shape_attributes":{"name":"circle","cx":100,"cy":94,"r":77},"region_attributes":{"name":"home"}}],"file_attributes":{}},"15.jpg26799":{"filename":"15.jpg","size":26799,"regions":[{"shape_attributes":{"name":"circle","cx":195,"cy":184,"r":134},"region_attributes":{"name":"home"}}],"file_attributes":{}},"16.jpg10477":{"filename":"16.jpg","size":10477,"regions":[{"shape_attributes":{"name":"circle","cx":98,"cy":94,"r":73},"region_attributes":{"name":"home"}}],"file_attributes":{}},"17.jpg10477":{"filename":"17.jpg","size":10477,"regions":[{"shape_attributes":{"name":"circle","cx":97,"cy":84,"r":73},"region_attributes":{"name":"home"}}],"file_attributes":{}},"18.jpg12343":{"filename":"18.jpg","size":12343,"regions":[{"shape_attributes":{"name":"circle","cx":113,"cy":101,"r":64},"region_attributes":{"name":"home"}}],"file_attributes":{}},"19.jpg12343":{"filename":"19.jpg","size":12343,"regions":[{"shape_attributes":{"name":"circle","cx":111,"cy":100,"r":63},"region_attributes":{"name":"home"}}],"file_attributes":{}},"20.jpg6999":{"filename":"20.jpg","size":6999,"regions":[{"shape_attributes":{"name":"circle","cx":58,"cy":58,"r":47},"region_attributes":{"name":"home"}}],"file_attributes":{}},"21.jpg11381":{"filename":"21.jpg","size":11381,"regions":[{"shape_attributes":{"name":"circle","cx":100,"cy":97,"r":75.027},"region_attributes":{"name":"home"}}],"file_attributes":{}},"22.jpg18779":{"filename":"22.jpg","size":18779,"regions":[{"shape_attributes":{"name":"circle","cx":157,"cy":152,"r":106},"region_attributes":{"name":"home"}}],"file_attributes":{}},"23.jpg18779":{"filename":"23.jpg","size":18779,"regions":[{"shape_attributes":{"name":"circle","cx":145,"cy":157,"r":97},"region_attributes":{"name":"home"}}],"file_attributes":{}},"24.jpg18719":{"filename":"24.jpg","size":18719,"regions":[{"shape_attributes":{"name":"circle","cx":141,"cy":136,"r":102},"region_attributes":{"name":"home"}}],"file_attributes":{}},"25.jpg5155":{"filename":"25.jpg","size":5155,"regions":[{"shape_attributes":{"name":"circle","cx":45,"cy":55,"r":31},"region_attributes":{"name":"home"}}],"file_attributes":{}},"26.jpg9250":{"filename":"26.jpg","size":9250,"regions":[{"shape_attributes":{"name":"circle","cx":80,"cy":77,"r":63},"region_attributes":{"name":"home"}}],"file_attributes":{}},"27.jpg7248":{"filename":"27.jpg","size":7248,"regions":[{"shape_attributes":{"name":"circle","cx":153,"cy":161,"r":100},"region_attributes":{"name":"home"}}],"file_attributes":{}},"28.jpg5173":{"filename":"28.jpg","size":5173,"regions":[{"shape_attributes":{"name":"circle","cx":87,"cy":99,"r":70},"region_attributes":{"name":"home"}}],"file_attributes":{}},"40.jpg8844":{"filename":"40.jpg","size":8844,"regions":[{"shape_attributes":{"name":"circle","cx":173,"cy":178,"r":126},"region_attributes":{"name":"play"}}],"file_attributes":{}},"41.jpg29457":{"filename":"41.jpg","size":29457,"regions":[{"shape_attributes":{"name":"circle","cx":256,"cy":249,"r":178},"region_attributes":{"name":"play"}}],"file_attributes":{}},"42.jpg29457":{"filename":"42.jpg","size":29457,"regions":[{"shape_attributes":{"name":"circle","cx":245,"cy":260,"r":168},"region_attributes":{"name":"play"}}],"file_attributes":{}},"43.jpg6919":{"filename":"43.jpg","size":6919,"regions":[{"shape_attributes":{"name":"circle","cx":142,"cy":144,"r":90},"region_attributes":{"name":"play"}}],"file_attributes":{}},"44.jpg14664":{"filename":"44.jpg","size":14664,"regions":[{"shape_attributes":{"name":"circle","cx":332,"cy":347,"r":218},"region_attributes":{"name":"play"}}],"file_attributes":{}},"45.jpg9795":{"filename":"45.jpg","size":9795,"regions":[{"shape_attributes":{"name":"circle","cx":188,"cy":196,"r":117},"region_attributes":{"name":"play"}}],"file_attributes":{}},"46.jpg11116":{"filename":"46.jpg","size":11116,"regions":[{"shape_attributes":{"name":"circle","cx":253,"cy":253,"r":130},"region_attributes":{"name":"play"}}],"file_attributes":{}},"47.jpg18377":{"filename":"47.jpg","size":18377,"regions":[{"shape_attributes":{"name":"circle","cx":493,"cy":513,"r":299},"region_attributes":{"name":"play"}}],"file_attributes":{}},"48.jpg29907":{"filename":"48.jpg","size":29907,"regions":[{"shape_attributes":{"name":"circle","cx":276,"cy":237,"r":139},"region_attributes":{"name":"play"}}],"file_attributes":{}},"49.jpg11559":{"filename":"49.jpg","size":11559,"regions":[{"shape_attributes":{"name":"circle","cx":230,"cy":239,"r":146.003},"region_attributes":{"name":"play"}}],"file_attributes":{}},"50.jpg13949":{"filename":"50.jpg","size":13949,"regions":[{"shape_attributes":{"name":"circle","cx":347,"cy":347,"r":209},"region_attributes":{"name":"play"}}],"file_attributes":{}},"51.jpg14170":{"filename":"51.jpg","size":14170,"regions":[{"shape_attributes":{"name":"circle","cx":239,"cy":245,"r":161},"region_attributes":{"name":"play"}}],"file_attributes":{}},"53.jpg20221":{"filename":"53.jpg","size":20221,"regions":[{"shape_attributes":{"name":"circle","cx":589,"cy":607,"r":339.99},"region_attributes":{"name":"play"}}],"file_attributes":{}},"54.jpg10578":{"filename":"54.jpg","size":10578,"regions":[{"shape_attributes":{"name":"circle","cx":207,"cy":217,"r":139},"region_attributes":{"name":"play"}}],"file_attributes":{}},"55.jpg6059":{"filename":"55.jpg","size":6059,"regions":[{"shape_attributes":{"name":"circle","cx":136,"cy":135,"r":67},"region_attributes":{"name":"play"}}],"file_attributes":{}},"56.jpg7882":{"filename":"56.jpg","size":7882,"regions":[{"shape_attributes":{"name":"circle","cx":147,"cy":157,"r":96},"region_attributes":{"name":"play"}}],"file_attributes":{}},"57.jpg13458":{"filename":"57.jpg","size":13458,"regions":[{"shape_attributes":{"name":"circle","cx":346,"cy":336,"r":206.142},"region_attributes":{"name":"play"}}],"file_attributes":{}},"58.jpg8844":{"filename":"58.jpg","size":8844,"regions":[{"shape_attributes":{"name":"circle","cx":170,"cy":176,"r":113},"region_attributes":{"name":"play"}}],"file_attributes":{}},"59.jpg11116":{"filename":"59.jpg","size":11116,"regions":[{"shape_attributes":{"name":"circle","cx":249,"cy":252,"r":129},"region_attributes":{"name":"play"}}],"file_attributes":{}},"60.jpg29907":{"filename":"60.jpg","size":29907,"regions":[{"shape_attributes":{"name":"circle","cx":266,"cy":244,"r":132},"region_attributes":{"name":"play"}}],"file_attributes":{}},"61.jpg14664":{"filename":"61.jpg","size":14664,"regions":[{"shape_attributes":{"name":"circle","cx":337,"cy":355,"r":216},"region_attributes":{"name":"play"}}],"file_attributes":{}},"62.jpg14170":{"filename":"62.jpg","size":14170,"regions":[{"shape_attributes":{"name":"circle","cx":249,"cy":247,"r":160.012},"region_attributes":{"name":"play"}}],"file_attributes":{}},"63.jpg9795":{"filename":"63.jpg","size":9795,"regions":[{"shape_attributes":{"name":"circle","cx":190,"cy":200,"r":124},"region_attributes":{"name":"play"}}],"file_attributes":{}},"64.jpg6919":{"filename":"64.jpg","size":6919,"regions":[{"shape_attributes":{"name":"circle","cx":129,"cy":138,"r":92},"region_attributes":{"name":"play"}}],"file_attributes":{}},"65.jpg18377":{"filename":"65.jpg","size":18377,"regions":[{"shape_attributes":{"name":"circle","cx":471,"cy":504,"r":304},"region_attributes":{"name":"play"}}],"file_attributes":{}},"66.jpg11559":{"filename":"66.jpg","size":11559,"regions":[{"shape_attributes":{"name":"circle","cx":220,"cy":237,"r":141},"region_attributes":{"name":"play"}}],"file_attributes":{}},"67.jpg13949":{"filename":"67.jpg","size":13949,"regions":[{"shape_attributes":{"name":"circle","cx":335,"cy":350,"r":204},"region_attributes":{"name":"play"}}],"file_attributes":{}},"68.jpg29457":{"filename":"68.jpg","size":29457,"regions":[{"shape_attributes":{"name":"circle","cx":247,"cy":263,"r":162},"region_attributes":{"name":"play"}}],"file_attributes":{}},"69.jpg29457":{"filename":"69.jpg","size":29457,"regions":[{"shape_attributes":{"name":"circle","cx":249,"cy":251,"r":155},"region_attributes":{"name":"play"}}],"file_attributes":{}},"70.jpg3116":{"filename":"70.jpg","size":3116,"regions":[{"shape_attributes":{"name":"circle","cx":62,"cy":51,"r":25},"region_attributes":{"name":"home"}}],"file_attributes":{}},"71.jpg3981":{"filename":"71.jpg","size":3981,"regions":[{"shape_attributes":{"name":"circle","cx":67,"cy":82,"r":30},"region_attributes":{"name":"play"}}],"file_attributes":{}},"72.jpg3116":{"filename":"72.jpg","size":3116,"regions":[{"shape_attributes":{"name":"circle","cx":58,"cy":54,"r":25},"region_attributes":{"name":"home"}}],"file_attributes":{}},"73.jpg3981":{"filename":"73.jpg","size":3981,"regions":[{"shape_attributes":{"name":"circle","cx":64,"cy":77,"r":32},"region_attributes":{"name":"play"}}],"file_attributes":{}},"74.jpg3981":{"filename":"74.jpg","size":3981,"regions":[{"shape_attributes":{"name":"circle","cx":69,"cy":78,"r":32},"region_attributes":{"name":"play"}}],"file_attributes":{}},"75.jpg3116":{"filename":"75.jpg","size":3116,"regions":[{"shape_attributes":{"name":"circle","cx":60,"cy":54,"r":23},"region_attributes":{"name":"home"}}],"file_attributes":{}},"76.jpg3116":{"filename":"76.jpg","size":3116,"regions":[{"shape_attributes":{"name":"circle","cx":62,"cy":54,"r":28},"region_attributes":{"name":"home"}}],"file_attributes":{}},"77.jpg3981":{"filename":"77.jpg","size":3981,"regions":[{"shape_attributes":{"name":"circle","cx":65,"cy":77,"r":33},"region_attributes":{"name":"play"}}],"file_attributes":{}}}